update,train_loss_mean,grad_norm,min_obs_margin,max_obs_margin,plan_margin_max,wall_clock_s,ep_step,eval_cost,eval_closest_margin,eval_n_grazing,eval_n_violations
1,48.73151195015268,16.22124415422789,-0.6428720729595176,-0.5616903805118056,-5.0867441860003026e-05,22.76079750061035,10,,,,
2,41.7055674649907,0.8848677343387754,-0.5380730698359728,-0.25502152321689064,-1.3236837673069601e-05,14.600635290145874,20,,,,
3,38.16169587673946,0.5225329704178328,-0.22384358957540607,-0.03392452141957336,-1.108706909924706e-05,33.188998222351074,30,,,,
4,37.11635902551074,1.269235503975034,-0.024230415011938122,7.693416518073093e-06,7.65094161647717e-06,34.5087354183197,0,,,,
5,45.60490629597563,4.009897070536179,-0.6832171885384319,-0.4811897232395541,-1.3085249757294193e-05,10.645279884338379,10,,,,
6,39.35695708288645,2.628376576181125,-0.4425671583473392,-0.12057955663124886,-3.678995470934865e-06,48.775935888290405,20,,,,
7,35.89248786355275,7.403875766241205,-0.09603511471358073,-0.0014129016913499992,1.480411779741786e-05,52.063228607177734,30,,,,
8,30.976651005657217,14.195328812491788,-0.0003758809816447606,3.730675955160301e-05,3.9727451734083985e-05,42.87246870994568,0,,,,
9,41.44364540520382,22.91675215546143,-0.7135213293920737,-0.4629286607561369,-1.0119813998565874e-05,28.85256266593933,10,,,,
10,26.847380598968712,12.12978199237161,-0.4130933491649533,-0.03848484680221009,7.100061605769259e-05,29.61235737800598,20,50.08324977901178,7.42740246287843e-05,19,1
11,15.34342518968402,8.653074726736305,-0.021120169431118052,4.545044019743649e-05,4.841913756581384e-05,18.06134605407715,30,,,,
12,7.666434064766651,4.042315325630159,-0.08407876213880416,-0.01810693115275841,-0.014058110733148332,1.246870756149292,0,,,,
13,34.49442028337789,20.394895504551855,-0.5932330373837567,-0.27540215635722154,-5.089939998148552e-06,35.847172021865845,10,,,,
14,18.84019984679708,9.605461511550738,-0.21944372189485217,0.00012300130960840594,0.00018051882829905885,29.770800590515137,20,,,,
15,8.248937622757293,3.8440634025541756,-0.19098545237407238,-0.014114501958887304,-0.005003062852743767,1.711988925933838,30,,,,
16,3.1444095078087395,1.5987707076020752,-0.41521560057581297,-0.2151021361614951,-0.1909854525058925,1.5210444927215576,0,,,,
17,30.431645323836122,14.944875036936319,-0.7006135399475792,-0.1958074253124802,-4.192695031601801e-06,28.174811601638794,10,,,,
18,12.887713898793473,5.833985449502813,-0.12830950690334042,0.00012600209369406645,0.0001253856468018677,20.577800989151,20,,,,
19,4.171692975136039,2.1853114698661735,-0.48909078028414643,-0.14274110642465754,-0.10385568357843655,1.8335697650909424,30,,,,
20,1.2124055104695821,0.7118126915010045,-0.6651929722360046,-0.5177485632935448,-0.48909078035990783,1.3137686252593994,0,36.03302251210891,7.255840176068062e-05,8,1
21,27.297128218308554,6.585296397223681,-0.6896626993049986,-0.07254885768954056,1.2216708018542022e-06,54.532925605773926,10,,,,
22,9.333001804336028,3.738015425850992,-0.2099575891997021,7.611847538058214e-05,7.5746073688987e-05,15.631372213363647,20,,,,
23,2.209785806242532,0.8082815230325026,-0.6159586621485513,-0.25819233303351585,-0.20995758900761397,1.9457271099090576,30,,,,
24,0.4054589820964169,0.16102351212142382,-0.7317479917554992,-0.640382138897043,-0.6159586625107851,1.3467557430267334,0,,,,
25,25.91255017490974,7.22789938611817,-0.7069206571452269,-0.03209815525535209,-4.770118080532626e-07,50.873114585876465,10,,,,
26,7.357704278101995,1.2680791504950866,-0.2120648363707831,0.00030193536941414134,0.0003004407916911145,15.227108716964722,20,,,,
27,1.215527307059941,0.15560043936932427,-0.6609997362585507,-0.2665346102353088,-0.21206483629763162,1.646442174911499,30,,,,
28,0.1272424206440677,0.011726318998496087,-0.7547236765662828,-0.6852032457262403,-0.6513700531571589,1.2026214599609375,0,,,,
29,23.76472621964754,6.016588773450572,-0.6287412651839761,-0.0043701277084260415,2.132362042006619e-05,58.31829333305359,10,,,,
30,6.019320370590272,0.5472094042940597,-0.26072900564114465,0.00019651986565072388,0.0001954474195728917,14.314056873321533,20,33.432385816871204,0.000276668102112021,10,1
31,0.7790866003356013,0.10528936395764783,-0.7037262530523059,-0.3194022515445638,-0.2607290059287557,1.6848232746124268,0,,,,
32,23.812821289757114,3.834956834920096,-0.7241101107730459,-0.00021891250431838039,0.0001288894983529909,52.608022928237915,10,,,,
33,5.565718607837034,0.5631954215205436,-0.2907637504353393,0.00023146793013095746,0.00023033550859019591,15.626981019973755,20,,,,
34,0.6309254078094062,0.10422959485101863,-0.7235056390494881,-0.3517662646824804,-0.29076375078794814,1.4546432495117188,0,,,,
35,24.081920503387973,5.131294402414425,-0.7039145694096363,-7.436182031006489e-05,2.0125673276805145e-05,52.578712940216064,10,,,,
36,5.586836460984061,0.5830547676664971,-0.28054498237644343,0.00030403200161699395,0.0003025445715508779,16.926262855529785,20,,,,
37,0.6032901374675891,0.10515431495249394,-0.7188094393296249,-0.34230910007310245,-0.28054498251372695,1.4892351627349854,0,,,,
38,22.297638147524196,4.1277732485502705,-0.6240646059126558,0.00010213018572102772,0.00010153131068069143,58.14917612075806,10,,,,
39,5.118857267419411,0.5659780339461888,-0.29272801834724405,6.84457325554888e-05,0.00010126775667251842,16.91833472251892,20,,,,
40,0.5182948507515253,0.08558832665714232,-0.718930225798424,-0.3547834979155948,-0.2927280184041574,1.517174482345581,0,33.14472186468443,0.00019305555640836136,10,2
41,23.15996941964991,2.6943065197249063,-0.6230044151796632,3.0116460181695004e-05,0.00019770640881688895,64.89984560012817,10,,,,
42,5.469146119684254,0.5386963548313953,-0.26197073835395845,0.00013388874941067108,0.0001332335114846428,16.09346342086792,20,,,,
43,0.5639284290051442,0.08410492797595928,-0.6977094211435988,-0.3229232376746718,-0.26197073850815733,1.2833251953125,0,,,,
44,23.107075696005573,2.7308216832428225,-0.686637766873579,2.5247199891054173e-05,0.00029700179936043014,59.57852792739868,10,,,,
45,5.20471940887829,0.4559973529184663,-0.2835432918246341,0.00014198193553394134,0.0001412767328659026,15.61436128616333,20,,,,
46,0.5122996338362166,0.06862537546078613,-0.6939200055104229,-0.34351569183006325,-0.28354329195766925,1.335646629333496,0,,,,
47,23.57992920821463,2.716931270640373,-0.7380075817788025,-0.0006763678684233998,7.792037803688867e-05,56.24239683151245,10,,,,
48,5.232629535605,0.3850816189216858,-0.2806267042409065,0.0003685027400492924,0.00036669989634974254,13.114916563034058,20,,,,
49,0.5173223638421863,0.061966622501282986,-0.6810832849334403,-0.3391919985847476,-0.2806267042849466,1.5644562244415283,0,,,,
50,22.780023394728566,1.8214296338626885,-0.6385521298339956,-0.00010973024010207943,0.00020913271641198605,59.89970135688782,10,32.88177705145154,0.0002677982732270934,10,1
51,5.3186371208617365,0.3218339353780989,-0.24823842658417106,0.0003074199937835864,0.00030591598696549926,14.219655990600586,20,,,,
52,0.5525862207116287,0.05727723046530069,-0.653003291192249,-0.3041745797170614,-0.24823842658496753,1.127319574356079,0,,,,
53,23.376019989425824,1.5910935953062446,-0.6750763696251845,-0.0020205165082420873,0.0002106742897790559,65.77777314186096,10,,,,
54,5.589925848622272,0.2580451428156159,-0.22792255334008704,0.00048434592350554695,0.0004819763349038775,15.068436622619629,20,,,,
55,0.6018720858420036,0.05507935479542883,-0.6338617753948268,-0.28239441652883013,-0.22792255332584466,1.2567994594573975,0,,,,
56,22.769262428118367,1.5905547489938028,-0.6582088278931606,-2.3941075264710676e-05,0.00020233648205603139,72.71604013442993,10,,,,
57,5.390867244639072,0.20767294551310614,-0.23006838900716375,0.00025207279915662184,0.00025083956529625695,14.280152082443237,20,,,,
58,0.5833734393342646,0.04958862416083029,-0.6249778457655482,-0.283177585108513,-0.23006838896362503,1.3745064735412598,0,,,,
59,22.165183466081174,0.8823725285246051,-0.6177849348236728,-5.385270914337603e-05,0.0003387408207881082,69.8771562576294,10,,,,
60,5.304597466000538,0.17368904212069505,-0.228553006989354,0.0002666225008597367,0.00026531808966856474,14.175921201705933,20,32.84888573155133,0.000538650480509939,10,1
61,0.582359065818918,0.04572505092990498,-0.6160639934642269,-0.28050312123333376,-0.22855300698361036,1.1279103755950928,0,,,,
62,23.609289783687373,5.485614845979318,-0.676485378302432,-0.0019691690249583615,8.22955635442213e-05,71.35933327674866,10,,,,
63,5.848019733048879,0.13673778005417264,-0.19462717901972182,0.0006094706472665745,0.000606488906849445,15.885242462158203,20,,,,
64,0.6834532352278709,0.0494135865930555,-0.5928013806361747,-0.24493267293093646,-0.19462717900493853,1.5386486053466797,0,,,,
65,23.309606369819058,0.7509344063445555,-0.730503852280131,-0.012143460209777857,1.3418761136696489e-05,65.50529408454895,10,,,,
66,5.671020962176627,0.12874111368517022,-0.21817252486062255,0.00015417263209316356,0.00015341835984272745,15.10283088684082,20,,,,
67,0.6405631216836649,0.04659754382023391,-0.6013854757898196,-0.2692525861908557,-0.21817252486012162,1.3282370567321777,0,,,,
68,23.159942580592418,0.9592902763192213,-0.6634420099180849,-0.006162006081113169,0.0002496168465497828,78.56590151786804,10,,,,
69,5.832273687155583,0.11470480407403684,-0.20011801509493954,0.00028838808187992004,0.00028697703755464765,15.121718883514404,20,,,,
70,0.677637512340308,0.04621666182653538,-0.5904425469588379,-0.2504253516568977,-0.20011801509394833,1.387265920639038,0,33.1392408204309,9.559135530201601e-05,10,2
71,23.7073045907926,2.7642617866581025,-0.7261872423113966,-0.016472115139197552,0.0002672923236297642,66.30083179473877,10,,,,
72,5.972758919061102,0.11761385567898702,-0.1922021555935849,0.00018384583280539601,0.0001829442107622592,15.494810342788696,20,,,,
73,0.6981993416264308,0.046123453275709256,-0.5866190082752933,-0.24260754699747644,-0.19220215558153675,1.4075725078582764,0,,,,
74,23.487362303012997,0.9753628713525557,-0.6777718326302553,-0.010696103733553564,0.0001168760339437247,67.41778254508972,10,,,,
75,6.0523547138769205,0.12932199535400768,-0.18026763866076467,9.180225313465407e-05,9.125400628429148e-05,18.33307123184204,20,,,,
76,0.7150259924586242,0.04398414594846915,-0.5793219434849521,-0.2301378920023509,-0.1802676386588069,1.486565113067627,0,,,,
77,22.93209303037058,2.0378568355906834,-0.5814114022363952,-0.0015290958015823364,0.00037700790177586097,72.07111644744873,10,,,,
78,6.03918066960343,0.11958341363437476,-0.1714584512432642,0.00048389183962860294,0.0004815244694941212,26.901026487350464,20,,,,
79,0.7219115400132019,0.039348764153734186,-0.575179040825079,-0.221068349107844,-0.17145845123778436,1.3514809608459473,0,,,,
80,22.695598572963938,0.9530794049522803,-0.5797596584728555,-0.00010388761890212095,0.00026145382260822636,65.71644616127014,10,32.82521501144784,0.00013105065307505992,10,2
81,5.898400947431695,0.13813070286950643,-0.1780128376681942,0.0002488892225738226,0.00024767155813565367,18.058940172195435,20,,,,
82,0.6945486525180572,0.036290670741224836,-0.5792843117739799,-0.22804426571755032,-0.17801283766242615,1.5520269870758057,0,,,,
83,22.83401245913622,0.6321102412104451,-0.6375138965848732,-0.00014120102135195545,0.0003833713618218715,69.47930765151978,10,,,,
84,5.649953726466868,0.1262551785502826,-0.20192664354640022,0.0001475768553751422,0.0001468510161348746,15.137444496154785,20,,,,
85,0.6322530038111753,0.03246102321242246,-0.5931676828237966,-0.25359848005931696,-0.20192664354132384,1.5185155868530273,0,,,,
86,23.44132626879957,0.23382823244827414,-0.7296630176698107,-0.002871201984244731,0.00015696303606893558,65.44332432746887,10,,,,
87,5.561892514580207,0.12169908032623046,-0.22446564446841255,0.00026743993289102264,0.00026613152128907025,14.143762111663818,20,,,,
88,0.5946641870516688,0.03022555710410568,-0.6042817044334647,-0.2773109638409297,-0.22446564446520934,1.2570710182189941,0,,,,
89,22.097201330875706,0.2933680559821331,-0.5748960877898777,0.00033820167943821033,0.000336358220312416,68.89872860908508,10,,,,
90,5.432655431759273,0.13419182631002416,-0.21523984386559825,2.260861203218223e-05,0.00033654575141151,14.048043012619019,20,32.72873858016001,0.00026274536287784755,10,2
91,0.5944818425530639,0.027357800174790448,-0.5996581424465457,-0.2672509637759757,-0.2152398438626575,1.3708405494689941,0,,,,
92,23.073412905864853,0.8143877140375558,-0.690290590017101,5.494113836634895e-05,7.649357477601537e-05,61.04119038581848,10,,,,
93,5.482105482427283,0.12568395737224194,-0.22662292850529386,0.0002114233377280561,0.0002103889347110366,15.747651100158691,20,,,,
94,0.5896059658892392,0.02654048177383749,-0.6028223140518207,-0.27890856691554045,-0.22662292849938925,1.4066336154937744,0,,,,
95,22.688056456689598,0.5489258674355967,-0.6416577087332624,0.00010439606328815909,0.00022019871243139644,61.67890024185181,10,,,,
96,5.406564662285907,0.1351913875272867,-0.22833705857966335,0.0001680920160503918,0.00016727234009117353,14.217158079147339,20,,,,
97,0.581908204544517,0.024190204766964832,-0.6033862826162719,-0.28058681364774074,-0.2283370585683422,1.4639427661895752,0,,,,
98,22.196457669534368,0.35686776267702586,-0.629335427567469,0.00021520982616574091,0.00021403179778856085,56.91768145561218,10,,,,
99,5.218823065330421,0.11667238289141764,-0.24212113554252546,-1.6314788144677905e-05,0.00021414439636102678,16.545244693756104,20,,,,
100,0.5543771425666043,0.02262743079486783,-0.6081144576243787,-0.2941925862613537,-0.24212113552108105,1.4689722061157227,0,32.72075543369094,0.00023334939127517274,10,1
