cell,umax,obstacles,sweep,sweep_var,tol,admm_max_iter,scp_iter,seed,cos_AD,rel_l2_AD,sign_AD,descent_AD,cos_FD,rel_l2_FD,sign_FD,descent_FD,gnorm,conv_error,num_iter,admm_iters_last,eq_viol,ineq_viol,n_active,n_active_box,n_active_obs,cos_AD_FD_tight,fwd_ms,bwd_ms
C1_loose_off,10000.0,0,tol,0.1,0.1,800,15,0,0.9998200198214763,0.7991741409655938,1.0,1.0,0.9998180169190356,0.7990715704118655,0.8571428571428571,1.0,16.825435733553597,0.08140351587524397,5,1.0,0.31961515779788024,0.0,0.0,0.0,0.0,0.999999993151479,nan,27.961030136793852
C1_loose_off,10000.0,0,tol,0.1,0.1,800,15,1,0.9999683131135622,0.8347126121473659,1.0,1.0,0.999968218013925,0.834585769678242,0.8571428571428571,1.0,25.322192734722734,0.09872461854222381,5,1.0,0.36499366725124827,0.0,0.0,0.0,0.0,0.9999999985440698,nan,27.961030136793852
C1_loose_off,10000.0,0,tol,0.1,0.1,800,15,2,0.9999636059455528,0.8223524411573472,0.8571428571428571,1.0,0.99996361698458,0.8222068403274403,0.7142857142857143,1.0,25.150308224243336,0.09892130283526301,5,1.0,0.34652859293217675,0.0,0.0,0.0,0.0,0.9999999990345168,nan,27.961030136793852
C1_loose_off,10000.0,0,tol,0.1,0.1,800,15,3,0.9980399612940268,0.7829572101584781,1.0,1.0,0.9980463283994675,0.7830375174071909,0.7142857142857143,1.0,7.785493144794953,0.08714554161566451,4,1.0,0.28528065570591593,0.0,0.0,0.0,0.0,0.9999999753060549,nan,27.961030136793852
C1_loose_off,10000.0,0,tol,0.01,0.01,800,15,0,0.9999568719341844,0.4120638362167293,1.0,1.0,0.9999559236102912,0.4117634596582903,0.8571428571428571,1.0,49.2520715179201,0.012921859892239096,15,1.0,0.15399318396655118,0.0,0.0,0.0,0.0,0.999999993151479,nan,58.336811140179634
C1_loose_off,10000.0,0,tol,0.01,0.01,800,15,1,0.9999962689649445,0.41998245892691916,1.0,1.0,0.9999962264227904,0.41953734504846796,0.8571428571428571,1.0,88.85668215667847,0.014805796009205952,15,1.0,0.16860353543579712,0.0,0.0,0.0,0.0,0.9999999985440698,nan,58.336811140179634
C1_loose_off,10000.0,0,tol,0.01,0.01,800,15,2,0.9999950930343537,0.4234960571294678,1.0,1.0,0.9999950859577356,0.42302357195182166,0.8571428571428571,1.0,81.615408979262,0.015423222516656176,15,1.0,0.16482586406473881,0.0,0.0,0.0,0.0,0.9999999990345168,nan,58.336811140179634
C1_loose_off,10000.0,0,tol,0.01,0.01,800,15,3,0.999353365602051,0.33156644167279054,1.0,1.0,0.9993572748345678,0.33181050366475084,0.7142857142857143,1.0,23.964012997488805,0.00911915476699049,15,1.0,0.11947079178841104,0.0,0.0,0.0,0.0,0.9999999753060549,nan,58.336811140179634
C1_loose_off,10000.0,0,tol,0.001,0.001,800,15,0,0.9999971583473731,0.09097105244237937,1.0,1.0,0.9999969131892487,0.0905070751229993,0.8571428571428571,1.0,76.1447820937737,0.0020796112575980907,15,1.0,0.03427472971300456,0.0,0.0,0.0,0.0,0.999999993151479,nan,130.66758308559656
C1_loose_off,10000.0,0,tol,0.001,0.001,800,15,1,0.9999998946987444,0.05930663365178821,1.0,1.0,0.9999998860601328,0.05858478699043153,0.8571428571428571,1.0,144.10994734044507,0.0020556486750276104,15,1.0,0.025008362276672327,0.0,0.0,0.0,0.0,0.9999999985440698,nan,130.66758308559656
C1_loose_off,10000.0,0,tol,0.001,0.001,800,15,2,0.9999998288757374,0.06771825497452921,1.0,1.0,0.9999998258473759,0.06695422650753134,0.8571428571428571,1.0,131.9815198016391,0.0021915653989768025,15,1.0,0.027520371912309303,0.0,0.0,0.0,0.0,0.9999999990345168,nan,130.66758308559656
C1_loose_off,10000.0,0,tol,0.001,0.001,800,15,3,0.9998250825850459,0.14058482353951995,1.0,1.0,0.9998271316351536,0.14089505229344376,0.7142857142857143,1.0,30.789143160496813,0.002734070113948356,15,1.0,0.053249137918875755,0.0,0.0,0.0,0.0,0.9999999753060549,nan,130.66758308559656
C1_loose_off,10000.0,0,tol,0.0001,0.0001,800,15,0,0.9999999534202263,0.006807415113298512,1.0,1.0,0.9999999167901445,0.006303955414457583,0.8571428571428571,1.0,83.19271699043722,0.00022024903689588093,15,1.0,0.003860497002076182,0.0,0.0,0.0,0.0,0.999999993151479,nan,201.1366430670023
C1_loose_off,10000.0,0,tol,0.0001,0.0001,800,15,1,0.9999999984185733,0.004605973821747656,1.0,1.0,0.9999999960821676,0.0038426573404498157,0.8571428571428571,1.0,152.4896213602792,0.00018714334895253426,15,1.0,0.002445823962267949,0.0,0.0,0.0,0.0,0.9999999985440698,nan,201.1366430670023
C1_loose_off,10000.0,0,tol,0.0001,0.0001,800,15,2,0.9999999970682019,0.005293864729214612,1.0,1.0,0.9999999957341146,0.004479001052781469,0.8571428571428571,1.0,140.81855527159576,0.0002234733588414306,15,1.0,0.003140520907473738,0.0,0.0,0.0,0.0,0.9999999990345168,nan,201.1366430670023
C1_loose_off,10000.0,0,tol,0.0001,0.0001,800,15,3,0.9999947189317165,0.01220601498426887,1.0,1.0,0.9999950633609671,0.012539770457820355,0.7142857142857143,1.0,35.359779705221435,0.0002248472643667232,15,1.0,0.0064058530810403936,0.0,0.0,0.0,0.0,0.9999999753060549,nan,201.1366430670023
C1_loose_off,10000.0,0,tol,1e-06,1e-06,800,15,0,0.9999999999891693,7.243377894864311e-05,1.0,1.0,0.9999999935397398,0.00045538110367704935,0.8571428571428571,1.0,83.7562978771079,5.169427791384962e-07,3,1.0,8.067404211438634e-05,0.0,0.0,0.0,0.0,0.999999993151479,nan,602.0405231975019
C1_loose_off,10000.0,0,tol,1e-06,1e-06,800,15,1,0.9999999999995571,6.268537735236512e-05,1.0,1.0,0.9999999985381983,0.0008320121113973353,0.8571428571428571,1.0,153.20478401491928,7.041553671260914e-07,3,2.0,7.532517367929279e-05,0.0,0.0,0.0,0.0,0.9999999985440698,nan,602.0405231975019
C1_loose_off,10000.0,0,tol,1e-06,1e-06,800,15,2,0.9999999999787395,0.00018478887437983266,1.0,1.0,0.9999999989731554,0.0010054473718348249,0.8571428571428571,1.0,141.59406257300347,3.6605418188284666e-07,3,1.0,0.0001223491575579928,0.0,0.0,0.0,0.0,0.9999999990345168,nan,602.0405231975019
C1_loose_off,10000.0,0,tol,1e-06,1e-06,800,15,3,0.9999999999856398,6.065503865022751e-05,1.0,1.0,0.9999999751935149,0.0004920860084697921,0.7142857142857143,1.0,35.77878408527043,2.049013225480234e-07,9,1.0,2.9043361561286017e-05,0.0,0.0,0.0,0.0,0.9999999753060549,nan,602.0405231975019
C1_loose_off,10000.0,0,admm_iter,5,1e-10,5,15,0,0.9999997911047398,0.018263263144158763,1.0,1.0,0.9999997205526958,0.01776357665453864,0.8571428571428571,1.0,82.23351955431269,0.0027155148964455034,15,5.0,0.00821697031838687,0.0,0.0,0.0,0.0,0.999999993151479,nan,152.93721621856093
C1_loose_off,10000.0,0,admm_iter,5,1e-10,5,15,1,0.9999999779702949,0.023856192767497553,1.0,1.0,0.9999999732019785,0.023107208413303187,0.8571428571428571,1.0,149.54066630130828,0.004970891273460398,15,5.0,0.011295034258756075,0.0,0.0,0.0,0.0,0.9999999985440698,nan,152.93721621856093
C1_loose_off,10000.0,0,admm_iter,5,1e-10,5,15,2,0.9999999749511816,0.021835901232008226,1.0,1.0,0.9999999730586422,0.0210343293893514,0.8571428571428571,1.0,138.476814458381,0.0043393109486997705,15,5.0,0.010127139719072436,0.0,0.0,0.0,0.0,0.9999999990345168,nan,152.93721621856093
C1_loose_off,10000.0,0,admm_iter,5,1e-10,5,15,3,0.9999965804848162,0.008883505390426377,1.0,1.0,0.9999968525511695,0.00921352303539256,0.7142857142857143,1.0,35.47704847277903,0.0009890718983116137,15,5.0,0.005045122871333748,0.0,0.0,0.0,0.0,0.9999999753060549,nan,152.93721621856093
C1_loose_off,10000.0,0,admm_iter,10,1e-10,10,15,0,0.9999999996448422,0.0004997711307710947,1.0,1.0,0.9999999902067804,0.00014064752527362726,0.8571428571428571,1.0,83.72055009608339,0.00021660706406545494,15,10.0,0.00034977160873683445,0.0,0.0,0.0,0.0,0.999999993151479,nan,246.95660779252648
C1_loose_off,10000.0,0,admm_iter,10,1e-10,10,15,1,0.999999999961215,0.0007285970088731797,1.0,1.0,0.999999998365722,6.888370736712525e-05,0.8571428571428571,1.0,153.08357259799232,0.0004134272992474264,15,10.0,0.0004916655978002611,0.0,0.0,0.0,0.0,0.9999999985440698,nan,246.95660779252648
C1_loose_off,10000.0,0,admm_iter,10,1e-10,10,15,2,0.9999999999566748,0.0006461293911967135,1.0,1.0,0.9999999989453596,0.0001790007021872977,0.8571428571428571,1.0,141.47645698616583,0.00035663470991442736,15,10.0,0.00043733370396837983,0.0,0.0,0.0,0.0,0.9999999990345168,nan,246.95660779252648
C1_loose_off,10000.0,0,admm_iter,10,1e-10,10,15,3,0.9999999940592865,0.00015888472463509667,1.0,1.0,0.9999999818616506,0.0005294091600218172,0.7142857142857143,1.0,35.77680946951878,8.7729863908384e-05,15,10.0,0.000177655417375795,0.0,0.0,0.0,0.0,0.9999999753060549,nan,246.95660779252648
C1_loose_off,10000.0,0,admm_iter,25,1e-10,25,15,0,0.9999999999999852,2.7850723050316918e-06,1.0,1.0,0.9999999931348089,0.0005237821567592421,0.8571428571428571,1.0,83.76211973058881,9.779374256571605e-08,15,25.0,1.0213390612259636e-06,0.0,0.0,0.0,0.0,0.999999993151479,nan,355.2521071396768
C1_loose_off,10000.0,0,admm_iter,25,1e-10,25,15,1,0.9999999999999992,2.967454042133261e-06,1.0,1.0,0.9999999985434029,0.000766460238404608,0.8571428571428571,1.0,153.1947274467928,1.6465112537278337e-07,15,25.0,5.493241814434868e-07,0.0,0.0,0.0,0.0,0.9999999985440698,nan,355.2521071396768
C1_loose_off,10000.0,0,admm_iter,25,1e-10,25,15,2,0.9999999999999971,4.3887340934271036e-06,1.0,1.0,0.9999999990340653,0.0008163927859579323,0.8571428571428571,1.0,141.56729748711408,1.704405758751193e-07,15,25.0,5.143649141067219e-07,0.0,0.0,0.0,0.0,0.9999999990345168,nan,355.2521071396768
C1_loose_off,10000.0,0,admm_iter,25,1e-10,25,15,3,0.9999999999998157,6.867321329858105e-07,1.0,1.0,0.9999999753762696,0.00043894481142622073,0.7142857142857143,1.0,35.780934403629956,4.48431925620385e-08,15,25.0,5.737154028325964e-07,0.0,0.0,0.0,0.0,0.9999999753060549,nan,355.2521071396768
C1_loose_off,10000.0,0,admm_iter,50,1e-10,50,15,0,0.9999999999999913,2.363238476001474e-06,1.0,1.0,0.9999999931386255,0.0005241846418043845,0.8571428571428571,1.0,83.76215492762995,1.6979366734837242e-07,15,50.0,4.266405947819758e-06,0.0,0.0,0.0,0.0,0.999999993151479,nan,461.4421152509749
C1_loose_off,10000.0,0,admm_iter,50,1e-10,50,15,1,0.9999999999999999,1.238061698875803e-06,1.0,1.0,0.9999999985438068,0.0007681859566814748,0.8571428571428571,1.0,153.19499235243407,1.9049705712870235e-07,15,50.0,2.9904231635118934e-06,0.0,0.0,0.0,0.0,0.9999999985440698,nan,461.4421152509749
C1_loose_off,10000.0,0,admm_iter,50,1e-10,50,15,2,0.9999999999999997,8.026703849828371e-07,1.0,1.0,0.9999999990344484,0.0008199755448111599,0.8571428571428571,1.0,141.56780507456608,1.1039694791659116e-07,15,50.0,3.0044034404085153e-06,0.0,0.0,0.0,0.0,0.9999999990345168,nan,461.4421152509749
C1_loose_off,10000.0,0,admm_iter,50,1e-10,50,15,3,0.999999999997742,2.5507509553641313e-06,1.0,1.0,0.9999999755480589,0.00043949452529381026,0.7142857142857143,1.0,35.78089540876617,1.7950289732393543e-07,15,50.0,1.0952626407625789e-05,0.0,0.0,0.0,0.0,0.9999999753060549,nan,461.4421152509749
C1_loose_off,10000.0,0,admm_iter,100,1e-10,100,15,0,0.9999999999999999,7.27283395729143e-07,1.0,1.0,0.9999999931493967,0.0005257563316464095,0.8571428571428571,1.0,83.76229167236148,1.0863971178221021e-07,15,100.0,4.190390980224892e-06,0.0,0.0,0.0,0.0,0.999999993151479,nan,675.9353969246149
C1_loose_off,10000.0,0,admm_iter,100,1e-10,100,15,1,1.0,1.221901306095694e-06,1.0,1.0,0.9999999985437971,0.0007682021292305673,0.8571428571428571,1.0,153.19499483232232,5.401390351655877e-07,15,100.0,3.7601506831438477e-06,0.0,0.0,0.0,0.0,0.9999999985440698,nan,675.9353969246149
C1_loose_off,10000.0,0,admm_iter,100,1e-10,100,15,2,0.9999999999999998,2.7385498220765897e-07,1.0,1.0,0.9999999990344973,0.0008205038969273201,0.8571428571428571,1.0,141.56787992697247,1.1119611098564519e-07,15,100.0,2.295371708465543e-06,0.0,0.0,0.0,0.0,0.9999999990345168,nan,675.9353969246149
C1_loose_off,10000.0,0,admm_iter,100,1e-10,100,15,3,0.9999999999979953,2.853188447591646e-06,1.0,1.0,0.9999999755343351,0.00044006275284915115,0.7142857142857143,1.0,35.78087316872461,1.3386508644630535e-07,15,100.0,7.3940732157517926e-06,0.0,0.0,0.0,0.0,0.9999999753060549,nan,675.9353969246149
C1_loose_off,10000.0,0,admm_iter,300,1e-10,300,15,0,1.0000000000000002,3.78656811788768e-08,1.0,1.0,0.9999999931517336,0.0005264241550734223,0.8571428571428571,1.0,83.76234940096077,1.6140397018915564e-08,15,300.0,3.148783049487816e-06,0.0,0.0,0.0,0.0,0.999999993151479,nan,1601.6609850339592
C1_loose_off,10000.0,0,admm_iter,300,1e-10,300,15,1,1.0000000000000002,4.867785219857968e-10,1.0,1.0,0.9999999985440698,0.0007694219422059397,0.8571428571428571,1.0,153.19518207463898,1.0002168818190604e-07,15,300.0,3.4110797308639285e-06,0.0,0.0,0.0,0.0,0.9999999985440698,nan,1601.6609850339592
C1_loose_off,10000.0,0,admm_iter,300,1e-10,300,15,2,0.9999999999999998,7.818117469523048e-09,1.0,1.0,0.9999999990345202,0.0008207697299216711,0.8571428571428571,1.0,141.56791758758357,1.3593039946413477e-07,15,300.0,1.0392693211426329e-05,0.0,0.0,0.0,0.0,0.9999999990345168,nan,1601.6609850339592
C1_loose_off,10000.0,0,admm_iter,300,1e-10,300,15,3,0.9999999999999046,1.690006396892946e-06,1.0,1.0,0.9999999752564322,0.00044034870799035793,0.7142857142857143,1.0,35.78088747027066,6.974937977188844e-08,15,300.0,8.18076975575229e-06,0.0,0.0,0.0,0.0,0.9999999753060549,nan,1601.6609850339592
C1_loose_off,10000.0,0,admm_iter,800,1e-10,800,15,0,1.0000000000000002,1.7635544828199412e-10,1.0,1.0,0.9999999931514806,0.0005264613037130161,0.8571428571428571,1.0,83.76235254959013,1.9105870744523523e-07,15,800.0,3.4611848455726586e-06,0.0,0.0,0.0,0.0,0.999999993151479,nan,3763.1432018242776
C1_loose_off,10000.0,0,admm_iter,800,1e-10,800,15,1,1.0000000000000002,3.353433379718945e-10,1.0,1.0,0.9999999985440698,0.0007694211301127304,0.8571428571428571,1.0,153.19518194999642,1.1355603641433065e-07,15,800.0,3.672409289072569e-06,0.0,0.0,0.0,0.0,0.9999999985440698,nan,3763.1432018242776
C1_loose_off,10000.0,0,admm_iter,800,1e-10,800,15,2,1.0,5.969141681443952e-10,1.0,1.0,0.9999999990345169,0.0008207781293576707,0.8571428571428571,1.0,141.56791877678262,1.6339235830997723e-07,15,800.0,3.8076585747059e-06,0.0,0.0,0.0,0.0,0.9999999990345168,nan,3763.1432018242776
C1_loose_off,10000.0,0,admm_iter,800,1e-10,800,15,3,0.9999999999999998,7.640555183761206e-08,1.0,1.0,0.9999999753035697,0.00043889669636506325,0.7142857142857143,1.0,35.78094327127278,5.421475686440136e-08,15,800.0,1.0136588413734565e-05,0.0,0.0,0.0,0.0,0.9999999753060549,nan,3763.1432018242776
C2_tight_off,0.1,0,tol,0.1,0.1,800,15,0,0.9992012400090823,0.9007768174687077,1.0,1.0,0.9992029096391345,0.9007124806933084,1.0,1.0,8.308194065423823,0.08242514905870303,5,1.0,0.32005664695369557,0.1345989663608102,27.0,27.0,0.0,0.9999999933019592,nan,30.040564015507698
C2_tight_off,0.1,0,tol,0.1,0.1,800,15,1,0.9998510032735038,0.951799792852506,0.8571428571428571,1.0,0.9998511169536534,0.9517572640389776,0.7142857142857143,1.0,13.000500222716072,0.08036290754240634,6,1.0,0.3400167838626922,0.40693484878786024,22.0,22.0,0.0,0.9999999995616202,nan,30.040564015507698
C2_tight_off,0.1,0,tol,0.1,0.1,800,15,2,0.9999144226961444,0.9327405369933022,0.8571428571428571,1.0,0.9999146833962733,0.9326664334282149,0.8571428571428571,1.0,13.99518239753467,0.0798581806418128,6,1.0,0.3216841921152752,0.3580785600544548,27.0,27.0,0.0,0.9999999987825928,nan,30.040564015507698
C2_tight_off,0.1,0,tol,0.1,0.1,800,15,3,0.9932052442982576,0.6631641187097854,1.0,1.0,0.9932559283263201,0.6631872493364981,1.0,1.0,5.723835576421958,0.08723314969643896,4,1.0,0.28528065570591593,0.008760808077444962,28.0,28.0,0.0,0.9999988348705178,nan,30.040564015507698
C2_tight_off,0.1,0,tol,0.01,0.01,800,15,0,0.9999504841484531,0.2120730609507271,1.0,1.0,0.9999512257514992,0.21156125763943198,1.0,1.0,65.93189942261132,0.00930602207311329,3,1.0,0.011144239220869236,0.1858532316191918,27.0,27.0,0.0,0.9999999933019592,nan,210.4364177212119
C2_tight_off,0.1,0,tol,0.01,0.01,800,15,1,0.9999996467758646,0.12133186479242432,0.8571428571428571,1.0,0.9999996624320845,0.12055658477593167,0.7142857142857143,1.0,236.95687232319045,0.009249203065149758,6,1.0,0.009875462656754229,0.20902655517906155,22.0,22.0,0.0,0.9999999995616202,nan,210.4364177212119
C2_tight_off,0.1,0,tol,0.01,0.01,800,15,2,0.9999993471380418,0.13951918816729164,1.0,1.0,0.9999993958697783,0.13857110681383936,1.0,1.0,179.03112559598512,0.009582310380209152,5,1.0,0.010958662857636085,0.21518895848600966,27.0,27.0,0.0,0.9999999987825928,nan,210.4364177212119
C2_tight_off,0.1,0,tol,0.01,0.01,800,15,3,0.9998662040150776,0.12195835654370626,1.0,1.0,0.9998639705474617,0.1221021794896533,1.0,1.0,14.783522435260709,0.008009653210038964,7,1.0,0.011510978876512788,0.13689383978765637,28.0,28.0,0.0,0.9999988348705178,nan,210.4364177212119
C2_tight_off,0.1,0,tol,0.001,0.001,800,15,0,0.9999991837536254,0.030124064834669683,1.0,1.0,0.9999992726961007,0.02949456477418962,1.0,1.0,81.14021195741293,0.0009832383073991174,4,1.0,0.0013477249950027805,0.021573484117075437,27.0,27.0,0.0,0.9999999933019592,nan,196.90116122364998
C2_tight_off,0.1,0,tol,0.001,0.001,800,15,1,0.9999999975162401,0.010327859840652197,1.0,1.0,0.9999999983458527,0.009454682237661147,0.8571428571428571,1.0,266.89142264519484,0.0009187830804583963,5,1.0,0.000874483304512115,0.018781036666407874,22.0,22.0,0.0,0.9999999995616202,nan,196.90116122364998
C2_tight_off,0.1,0,tol,0.001,0.001,800,15,2,0.9999999847626124,0.02436405805745751,1.0,1.0,0.9999999912543307,0.023289166458762427,1.0,1.0,202.98941050407757,0.0009844583572481413,3,1.0,0.0013416172407144378,0.025674285962195495,27.0,27.0,0.0,0.9999999987825928,nan,196.90116122364998
C2_tight_off,0.1,0,tol,0.001,0.001,800,15,3,0.9999986379436784,0.014306362499614393,1.0,1.0,0.9999980727134947,0.014488478690805185,1.0,1.0,16.579355328260593,0.0007383432520881722,2,1.0,0.001401887224971671,0.02095648589639268,28.0,28.0,0.0,0.9999988348705178,nan,196.90116122364998
C2_tight_off,0.1,0,tol,0.0001,0.0001,800,15,0,0.9999999974479958,0.0016383161230579435,1.0,1.0,0.9999999959268445,0.0009953038858814334,1.0,1.0,83.52120719816283,9.348048465466705e-05,4,1.0,0.0001416829172184888,0.0021283730893259384,27.0,27.0,0.0,0.9999999933019592,nan,259.1302110813558
C2_tight_off,0.1,0,tol,0.0001,0.0001,800,15,1,0.9999999999993843,0.0001504402635754888,1.0,1.0,0.9999999995824288,0.0007322262013680963,0.8571428571428571,1.0,269.6359708609202,7.932356459894319e-05,4,1.0,2.7025981672818748e-05,0.00034343958948948594,22.0,22.0,0.0,0.9999999995616202,nan,259.1302110813558
C2_tight_off,0.1,0,tol,0.0001,0.0001,800,15,2,0.9999999999672174,0.0009464562024189952,1.0,1.0,0.9999999990676037,0.00015996020662761506,1.0,1.0,207.86152025742595,7.966514597869401e-05,3,1.0,0.00010444955137557938,0.001712220360490735,27.0,27.0,0.0,0.9999999987825928,nan,259.1302110813558
C2_tight_off,0.1,0,tol,0.0001,0.0001,800,15,3,0.9999999824814556,0.0010491113987277656,1.0,1.0,0.9999988986978403,0.001894615926410255,1.0,1.0,16.80101998152582,7.508435332713448e-05,4,1.0,0.00015257939915197676,0.0014295630008790833,28.0,28.0,0.0,0.9999988348705178,nan,259.1302110813558
C2_tight_off,0.1,0,tol,1e-06,1e-06,800,15,0,0.9999999999999818,4.578591591474419e-06,1.0,1.0,0.99999999331551,0.0006523688450835142,1.0,1.0,83.65775280739314,8.189977314804198e-07,6,1.0,5.3088667625200575e-06,7.963831029397794e-06,27.0,27.0,0.0,0.9999999933019592,nan,862.8691430203617
C2_tight_off,0.1,0,tol,1e-06,1e-06,800,15,1,0.9999999999999986,7.275563553315178e-06,1.0,1.0,0.9999999995609826,0.0008899998134054482,0.8571428571428571,1.0,269.6785019624806,5.136896927826484e-07,8,1.0,1.0435377233755986e-05,2.49893409029478e-06,22.0,22.0,0.0,0.9999999995616202,nan,862.8691430203617
C2_tight_off,0.1,0,tol,1e-06,1e-06,800,15,2,0.9999999999999983,7.3485159106824065e-06,1.0,1.0,0.9999999987803292,0.0011099411524530542,1.0,1.0,208.0599601210501,6.333335195451983e-07,5,1.0,5.731576223590108e-06,1.1767793359346301e-06,27.0,27.0,0.0,0.9999999987825928,nan,862.8691430203617
C2_tight_off,0.1,0,tol,1e-06,1e-06,800,15,3,0.9999999999865282,1.1498396968460118e-05,1.0,1.0,0.9999988322198298,0.0015361689386530558,1.0,1.0,16.818208961190386,6.328290404894465e-08,3,1.0,3.3608063399412623e-06,1.0881669627663126e-05,28.0,28.0,0.0,0.9999988348705178,nan,862.8691430203617
C2_tight_off,0.1,0,admm_iter,5,1e-10,5,15,0,0.9995808546847837,0.4488452481569252,1.0,1.0,0.9995830380760681,0.44848658779066225,1.0,1.0,46.15170153638549,0.014893679061719553,15,5.0,0.031227517783192667,0.4703157985797909,27.0,27.0,0.0,0.9999999933019592,nan,154.1949352249503
C2_tight_off,0.1,0,admm_iter,5,1e-10,5,15,1,0.9999665797749842,0.5982830302060432,0.8571428571428571,1.0,0.9999667356085645,0.5979285343036181,0.7142857142857143,1.0,108.33969445312998,0.028808488214323885,15,5.0,0.060879475785048535,1.1084458838303726,22.0,22.0,0.0,0.9999999995616202,nan,154.1949352249503
C2_tight_off,0.1,0,admm_iter,5,1e-10,5,15,2,0.9999577387306983,0.5645224485262036,1.0,1.0,0.9999581381070043,0.5640424959534818,1.0,1.0,90.61155976122132,0.025099581827409956,15,5.0,0.05147063308682703,0.9166294056422984,27.0,27.0,0.0,0.9999999987825928,nan,154.1949352249503
C2_tight_off,0.1,0,admm_iter,5,1e-10,5,15,3,0.9998729197776485,0.11307369252322075,1.0,1.0,0.9998708601003379,0.11321876243090052,1.0,1.0,14.933523090060481,0.004198105526904899,15,5.0,0.00978859214705125,0.12542023658855084,28.0,28.0,0.0,0.9999988348705178,nan,154.1949352249503
C2_tight_off,0.1,0,admm_iter,10,1e-10,10,15,0,0.9999407067785263,0.23340455556652906,1.0,1.0,0.9999415199772106,0.23290660225876267,1.0,1.0,64.14824835710989,0.010850038707232418,15,10.0,0.012895752674009092,0.21294067238360642,27.0,27.0,0.0,0.9999999933019592,nan,273.8800151273608
C2_tight_off,0.1,0,admm_iter,10,1e-10,10,15,1,0.999994120535086,0.36518735554543985,0.8571428571428571,1.0,0.9999941871595697,0.3646272081006908,0.7142857142857143,1.0,171.19683376692714,0.02515478909386107,15,10.0,0.033337327409329265,0.6490727849087229,22.0,22.0,0.0,0.9999999995616202,nan,273.8800151273608
C2_tight_off,0.1,0,admm_iter,10,1e-10,10,15,2,0.9999943707601345,0.3258324989848304,1.0,1.0,0.9999945144009171,0.3250896425842449,1.0,1.0,140.26865605365882,0.02078147406026784,15,10.0,0.026545129587633314,0.49552431568681343,27.0,27.0,0.0,0.9999999987825928,nan,273.8800151273608
C2_tight_off,0.1,0,admm_iter,10,1e-10,10,15,3,0.999998141803297,0.013198355406160284,1.0,1.0,0.9999976093369689,0.013380882904425434,1.0,1.0,16.598755914832356,0.0010747970632795194,15,10.0,0.0013857124110858892,0.018745474832844625,28.0,28.0,0.0,0.9999988348705178,nan,273.8800151273608
C2_tight_off,0.1,0,admm_iter,25,1e-10,25,15,0,0.9999987214391378,0.03771284659924055,1.0,1.0,0.9999988339435654,0.037088247723636336,1.0,1.0,80.50587961094188,0.0034291945092139453,15,25.0,0.0016166557032175,0.029113434685041212,27.0,27.0,0.0,0.9999999933019592,nan,607.102039270103
C2_tight_off,0.1,0,admm_iter,25,1e-10,25,15,1,0.9999998303702731,0.08800879675042672,0.8571428571428571,1.0,0.9999998411662733,0.08720411929217733,0.7142857142857143,1.0,245.94310621208703,0.012474852373863143,15,25.0,0.007446199856966882,0.1546955550036808,22.0,22.0,0.0,0.9999999995616202,nan,607.102039270103
C2_tight_off,0.1,0,admm_iter,25,1e-10,25,15,2,0.9999998489446668,0.07298045939757489,1.0,1.0,0.9999998719974853,0.07195909200945637,1.0,1.0,192.87463057432632,0.00939471577494247,15,25.0,0.005372550858243252,0.10625307126678304,27.0,27.0,0.0,0.9999999987825928,nan,607.102039270103
C2_tight_off,0.1,0,admm_iter,25,1e-10,25,15,3,0.9999999995297997,6.791009135043573e-05,1.0,1.0,0.999998844082063,0.0015343740103605221,1.0,1.0,16.817362453694933,2.9426923950255646e-05,15,25.0,2.0732595751512806e-05,0.0001475094471560523,28.0,28.0,0.0,0.9999988348705178,nan,607.102039270103
C2_tight_off,0.1,0,admm_iter,50,1e-10,50,15,0,0.9999999999999998,6.790372893695988e-07,1.0,1.0,0.9999999932999233,0.0006575664304617152,1.0,1.0,83.65819226592187,1.2233509093066697e-07,15,50.0,2.7299754327351458e-06,5.739068664745162e-10,27.0,27.0,0.0,0.9999999933019592,nan,517.745153978467
C2_tight_off,0.1,0,admm_iter,50,1e-10,50,15,1,1.0000000000000004,3.148640094437197e-08,1.0,1.0,0.9999999995616181,0.0008827528722315322,0.8571428571428571,1.0,269.6765484574058,5.2269737468857436e-08,15,50.0,2.1557143153492557e-06,1.1177983011423365e-07,22.0,22.0,0.0,0.9999999995616202,nan,517.745153978467
C2_tight_off,0.1,0,admm_iter,50,1e-10,50,15,2,1.0000000000000002,5.145804622506323e-07,1.0,1.0,0.9999999987827514,0.0011020753045885483,1.0,1.0,208.05832419095515,1.0225533211448076e-07,15,50.0,2.6430511904676273e-06,8.596420605355704e-07,27.0,27.0,0.0,0.9999999987825928,nan,517.745153978467
C2_tight_off,0.1,0,admm_iter,50,1e-10,50,15,3,0.9999999999999984,7.273617004028169e-07,1.0,1.0,0.9999988348519582,0.0015333789293003428,1.0,1.0,16.81839371296985,1.7931489639921167e-08,15,50.0,3.7906037420196584e-06,4.547796387949221e-07,28.0,28.0,0.0,0.9999988348705178,nan,517.745153978467
C2_tight_off,0.1,0,admm_iter,100,1e-10,100,15,0,0.9999999999999979,1.583133102002867e-06,1.0,1.0,0.9999999933067527,0.0006553297581095005,1.0,1.0,83.65800317974191,1.3654690034226036e-07,15,100.0,1.3048659991402337e-06,1.6436453651180738e-06,27.0,27.0,0.0,0.9999999933019592,nan,733.0014910548925
C2_tight_off,0.1,0,admm_iter,100,1e-10,100,15,1,1.0000000000000002,1.7141365550795302e-06,1.0,1.0,0.9999999995614625,0.0008844362055825012,0.8571428571428571,1.0,269.677002219948,1.7434432425522672e-07,15,100.0,1.0453836074081248e-07,0.0,22.0,22.0,0.0,0.9999999995616202,nan,733.0014910548925
C2_tight_off,0.1,0,admm_iter,100,1e-10,100,15,2,1.0000000000000002,1.8438888715740086e-06,1.0,1.0,0.9999999987831604,0.0011007455317846423,1.0,1.0,208.05804762464373,1.8672355794890905e-07,15,100.0,2.4111644162783918e-06,3.031527285438096e-06,27.0,27.0,0.0,0.9999999987825928,nan,733.0014910548925
C2_tight_off,0.1,0,admm_iter,100,1e-10,100,15,3,0.9999999999999598,7.905275312950923e-07,1.0,1.0,0.9999988347373466,0.001533592458301418,1.0,1.0,16.81836910501601,1.7223569240623626e-07,15,100.0,4.776519429377524e-06,1.822533916465141e-06,28.0,28.0,0.0,0.9999988348705178,nan,733.0014910548925
C2_tight_off,0.1,0,admm_iter,300,1e-10,300,15,0,0.9999999999999998,3.915073807352157e-07,1.0,1.0,0.9999999933031405,0.0006565079541175416,1.0,1.0,83.65810278324295,2.773541566206128e-08,15,300.0,5.242611151554229e-06,4.5315216960772897e-07,27.0,27.0,0.0,0.9999999933019592,nan,1716.6490461677313
C2_tight_off,0.1,0,admm_iter,300,1e-10,300,15,1,1.0000000000000004,2.0985782351805556e-07,1.0,1.0,0.9999999995615949,0.0008829313233193795,0.8571428571428571,1.0,269.67659655892254,4.0220551413699956e-08,15,300.0,4.177002085548039e-06,0.0,22.0,22.0,0.0,0.9999999995616202,nan,1716.6490461677313
C2_tight_off,0.1,0,admm_iter,300,1e-10,300,15,2,1.0000000000000002,1.4559441458201115e-07,1.0,1.0,0.9999999987825481,0.0011027357077075296,1.0,1.0,208.05846154154887,7.614676522270034e-08,15,300.0,4.9393162742482465e-06,1.1496206681060883e-08,27.0,27.0,0.0,0.9999999987825928,nan,1716.6490461677313
C2_tight_off,0.1,0,admm_iter,300,1e-10,300,15,3,0.9999999999999998,2.1411178020376188e-08,1.0,1.0,0.9999988348831426,0.0015334278346515638,1.0,1.0,16.818381407338958,1.440839933163074e-07,15,300.0,6.638368714970844e-06,3.720280077612603e-07,28.0,28.0,0.0,0.9999988348705178,nan,1716.6490461677313
C2_tight_off,0.1,0,admm_iter,800,1e-10,800,15,0,0.9999999999999999,4.210915244830794e-08,1.0,1.0,0.9999999933020909,0.0006568534059678252,1.0,1.0,83.6581319879039,1.5280185038102356e-07,15,800.0,3.995430860343236e-06,4.754081016355993e-08,27.0,27.0,0.0,0.9999999933019592,nan,3908.008810132742
C2_tight_off,0.1,0,admm_iter,800,1e-10,800,15,1,1.0000000000000004,2.3151864163597857e-08,1.0,1.0,0.9999999995616171,0.0008827445368151718,0.8571428571428571,1.0,269.67654620986815,3.222327515928214e-09,15,800.0,4.3830538426303175e-06,1.9129142714291447e-13,22.0,22.0,0.0,0.9999999995616202,nan,3908.008810132742
C2_tight_off,0.1,0,admm_iter,800,1e-10,800,15,2,1.0,1.6524774910224915e-08,1.0,1.0,0.9999999987825878,0.0011026065933558682,1.0,1.0,208.0584346883658,6.976079352204179e-09,15,800.0,1.9935643546711727e-06,1.1049467035784133e-09,27.0,27.0,0.0,0.9999999987825928,nan,3908.008810132742
C2_tight_off,0.1,0,admm_iter,800,1e-10,800,15,3,0.9999999999999998,1.9137080363917045e-08,1.0,1.0,0.9999988348745134,0.0015334345748727303,1.0,1.0,16.81838120989155,2.6296537818104593e-07,15,800.0,1.0971571187975784e-05,2.052840120808641e-07,28.0,28.0,0.0,0.9999988348705178,nan,3908.008810132742
C3_loose_on,10000.0,1,tol,0.1,0.1,800,15,0,0.8933753934826713,0.8173127959231268,1.0,1.0,0.853692234775378,0.9251798275177465,0.5714285714285714,1.0,6.835091535674048,0.09758739858543228,7,3.0,0.24604137976634155,0.6379480008104421,6.0,0.0,6.0,0.9966507603546507,nan,225.15963576734066
C3_loose_on,10000.0,1,tol,0.1,0.1,800,15,1,0.9980490735867446,0.7559798091753865,0.8571428571428571,1.0,0.9975666127456712,0.8828711162639543,0.7142857142857143,1.0,10.696500342797984,0.06939281869668833,4,2.0,0.25955224833792045,1.166283780986139,5.0,0.0,5.0,0.9999455493541995,nan,225.15963576734066
C3_loose_on,10000.0,1,tol,0.1,0.1,800,15,2,0.9987787885821994,0.4777662440987419,0.8571428571428571,1.0,0.9987715136365616,0.778022041521902,0.7142857142857143,1.0,22.551529756144404,0.08119162882769082,11,3.0,0.2657114195091763,0.0,5.0,0.0,5.0,0.9999973575100257,nan,225.15963576734066
C3_loose_on,10000.0,1,tol,0.1,0.1,800,15,3,0.9755617962292714,0.5639696952162138,0.8571428571428571,1.0,0.946006745528409,0.8067036401450896,0.7142857142857143,1.0,8.164281015916337,0.09564911286774025,9,4.0,0.22539210708945814,0.38962615687991664,7.0,0.0,7.0,0.9940724219679363,nan,225.15963576734066
C3_loose_on,10000.0,1,tol,0.01,0.01,800,15,0,0.9999186070088314,0.06898819977455016,1.0,1.0,0.9957289995970825,0.6089206707540116,0.5714285714285714,1.0,30.24570510783172,0.08306806434071007,15,25.0,0.026145976142544686,0.049110604449698184,6.0,0.0,6.0,0.9966507603546507,nan,764.2634850926697
C3_loose_on,10000.0,1,tol,0.01,0.01,800,15,1,0.9998358436852433,0.4800996228045267,1.0,1.0,0.9995948768619082,0.7504551628266104,0.8571428571428571,1.0,22.738506837098072,0.043212497375653476,15,7.0,0.05809183036136264,0.2036058199753346,5.0,0.0,5.0,0.9999455493541995,nan,764.2634850926697
C3_loose_on,10000.0,1,tol,0.01,0.01,800,15,2,0.9999774846458138,0.4447988641740033,0.8571428571428571,1.0,0.9999747036370784,0.7642366835724008,1.0,1.0,23.914996385201004,0.0469967176049946,15,7.0,0.04583782138483401,0.1451604686491407,5.0,0.0,5.0,0.9999973575100257,nan,764.2634850926697
C3_loose_on,10000.0,1,tol,0.01,0.01,800,15,3,0.9999940999249237,0.014234739732615758,1.0,1.0,0.99375591869627,0.5568954986492076,0.8571428571428571,1.0,17.65066218906011,0.0586469712388681,15,17.0,0.034220374644780414,0.06259635765673364,7.0,0.0,7.0,0.9940724219679363,nan,764.2634850926697
C3_loose_on,10000.0,1,tol,0.001,0.001,800,15,0,0.999997225668785,0.003910273138958083,1.0,1.0,0.99662095299365,0.5812446227205682,0.5714285714285714,1.0,32.346914320875555,0.0016402422471765202,15,3.0,0.003795423206946851,0.01193880509900366,6.0,0.0,6.0,0.9966507603546507,nan,1618.6657869257033
C3_loose_on,10000.0,1,tol,0.001,0.001,800,15,1,0.9999967490878592,0.04914967283938232,1.0,1.0,0.9999332879791125,0.5435407238548293,0.8571428571428571,1.0,41.575182836297365,0.0007846463578099032,11,2.0,0.002601996322264881,0.014056972433239829,5.0,0.0,5.0,0.9999455493541995,nan,1618.6657869257033
C3_loose_on,10000.0,1,tol,0.001,0.001,800,15,2,0.9999996546506488,0.013341030079767573,1.0,1.0,0.9999968752048795,0.5697109750320892,0.8571428571428571,1.0,43.645790439939795,0.004262372763557069,15,9.0,0.006539631047176022,1.8338250788112187e-05,5.0,0.0,5.0,0.9999973575100257,nan,1618.6657869257033
C3_loose_on,10000.0,1,tol,0.001,0.001,800,15,3,0.9999552385119991,0.04228086755866002,1.0,1.0,0.9931035020396544,0.5696140882215862,0.8571428571428571,1.0,17.15965804195364,0.007010962719017744,15,21.0,0.004242139262244664,0.013959327852508729,7.0,0.0,7.0,0.9940724219679363,nan,1618.6657869257033
C3_loose_on,10000.0,1,tol,0.0001,0.0001,800,15,0,0.9999999402566854,0.0007690071896754442,1.0,1.0,0.9966442601948925,0.5802083402922663,0.5714285714285714,1.0,32.42598838035845,0.00043211002476889124,15,25.0,0.0002919548262174501,0.0014412515119365914,6.0,0.0,6.0,0.9966507603546507,nan,3369.424144271761
C3_loose_on,10000.0,1,tol,0.0001,0.0001,800,15,1,0.9999999963845929,0.002511359588130238,1.0,1.0,0.9999449954783813,0.5211745938748961,0.8571428571428571,1.0,43.611582569836116,0.0021642061443110623,15,43.0,0.0007275506381429874,0.0,5.0,0.0,5.0,0.9999455493541995,nan,3369.424144271761
C3_loose_on,10000.0,1,tol,0.0001,0.0001,800,15,2,0.9999999989426152,5.156964669050396e-05,1.0,1.0,0.9999973801186766,0.5753545900380894,0.8571428571428571,1.0,43.07329779955881,0.0004507453871332133,15,7.0,0.0002819914390946964,0.0015393920678479084,5.0,0.0,5.0,0.9999973575100257,nan,3369.424144271761
C3_loose_on,10000.0,1,tol,0.0001,0.0001,800,15,3,0.9999980737632473,0.00803268768013503,1.0,1.0,0.9942349476420115,0.5468781048319508,0.8571428571428571,1.0,18.037388312700845,0.0065870919106267595,15,72.0,0.00027038788267885717,0.0023260109639476464,7.0,0.0,7.0,0.9940724219679363,nan,3369.424144271761
C3_loose_on,10000.0,1,tol,1e-06,1e-06,800,15,0,0.9999999993041644,0.00010161535672219862,1.0,1.0,0.9966496165377478,0.5799566037639781,0.5714285714285714,1.0,32.44521328347129,0.000203224580761191,15,119.0,1.975568933543908e-06,4.86907602870526e-06,6.0,0.0,6.0,0.9966507603546507,nan,5722.3936836235225
C3_loose_on,10000.0,1,tol,1e-06,1e-06,800,15,1,0.999999998256053,0.0011973657798186829,1.0,1.0,0.9999452677100024,0.520543638442031,0.8571428571428571,1.0,43.669032953140004,0.0014701610427530053,15,209.0,1.9227755198709035e-06,6.31397474028586e-06,5.0,0.0,5.0,0.9999455493541995,nan,5722.3936836235225
C3_loose_on,10000.0,1,tol,1e-06,1e-06,800,15,2,0.9999999998131138,0.000312731652435268,1.0,1.0,0.9999973792952517,0.5754970428650574,0.8571428571428571,1.0,43.0588483145489,0.00036302855090772357,15,189.0,2.2537327313542334e-06,6.963353549750695e-06,5.0,0.0,5.0,0.9999973575100257,nan,5722.3936836235225
C3_loose_on,10000.0,1,tol,1e-06,1e-06,800,15,3,0.99999438541815,0.014386223428750865,1.0,1.0,0.9943608606960518,0.5440100081274798,0.8571428571428571,1.0,18.14831340779107,0.007642038631771074,15,551.0,2.483963339988641e-06,5.250452573601905e-06,7.0,0.0,7.0,0.9940724219679363,nan,5722.3936836235225
C3_loose_on,10000.0,1,admm_iter,5,1e-10,5,15,0,0.9990548467809305,0.04610242816929292,0.8571428571428571,1.0,0.995669824568902,0.5874333120113482,0.7142857142857143,1.0,31.919109852824178,0.25972322341787246,15,5.0,0.35708908504495057,0.3461539988782489,6.0,0.0,6.0,0.9966507603546507,nan,226.07782715931535
C3_loose_on,10000.0,1,admm_iter,5,1e-10,5,15,1,0.9995939690889634,0.6003722870530893,1.0,1.0,0.999245712328469,0.8081956921790965,0.8571428571428571,1.0,17.484078129291994,0.07287563365013411,15,5.0,0.12098091574207874,0.44430067909992965,5.0,0.0,5.0,0.9999455493541995,nan,226.07782715931535
C3_loose_on,10000.0,1,admm_iter,5,1e-10,5,15,2,0.9999528016619261,0.5944514028782695,0.7142857142857143,1.0,0.9999453224588147,0.8277865856901396,0.5714285714285714,1.0,17.469294917067764,0.14396606753315308,15,5.0,0.19335274751270815,0.3872646613098341,5.0,0.0,5.0,0.9999973575100257,nan,226.07782715931535
C3_loose_on,10000.0,1,admm_iter,5,1e-10,5,15,3,0.9754967084851249,0.4498336762124566,0.8571428571428571,1.0,0.9540999566981786,0.7513690578371971,0.7142857142857143,1.0,10.437037888144092,0.3945276266366083,15,5.0,0.4735708448552484,0.834628605022835,7.0,0.0,7.0,0.9940724219679363,nan,226.07782715931535
C3_loose_on,10000.0,1,admm_iter,10,1e-10,10,15,0,0.9373596234617261,0.7388527812124528,1.0,1.0,0.9057714504537819,0.8920937728077257,0.5714285714285714,1.0,9.273306338364721,0.06528984377463341,15,10.0,0.058767105814435436,0.2713931119979918,6.0,0.0,6.0,0.9966507603546507,nan,385.72339387610555
C3_loose_on,10000.0,1,admm_iter,10,1e-10,10,15,1,0.9998541861033442,0.4644724234715774,1.0,1.0,0.9996241984614813,0.742952776765404,0.8571428571428571,1.0,23.421326486935058,0.03350884615355323,15,10.0,0.029126933543579817,0.15783064868707333,5.0,0.0,5.0,0.9999455493541995,nan,385.72339387610555
C3_loose_on,10000.0,1,admm_iter,10,1e-10,10,15,2,0.9999876822803558,0.7043301422458714,0.8571428571428571,1.0,0.9999808091103988,0.8744480700079994,1.0,1.0,12.735401358963308,0.05921143915703726,15,10.0,0.05000547352448759,0.22539890811761154,5.0,0.0,5.0,0.9999973575100257,nan,385.72339387610555
C3_loose_on,10000.0,1,admm_iter,10,1e-10,10,15,3,0.8792157888585854,0.7446521747165405,1.0,1.0,0.822275837376805,0.8888660472938364,0.8571428571428571,1.0,5.493182756231298,0.08706683654026354,15,10.0,0.08410227535787027,0.2582776804269479,7.0,0.0,7.0,0.9940724219679363,nan,385.72339387610555
C3_loose_on,10000.0,1,admm_iter,25,1e-10,25,15,0,0.9999999710112853,0.000584978475584704,1.0,1.0,0.9966450653454149,0.5801434004875232,0.5714285714285714,1.0,32.43098038004689,0.006394316049898138,15,25.0,0.0013640382660610642,0.0046211247667221275,6.0,0.0,6.0,0.9966507603546507,nan,739.8881698027253
C3_loose_on,10000.0,1,admm_iter,25,1e-10,25,15,1,0.9999521939897439,0.513528497402891,1.0,1.0,0.9999684778373246,0.2735352400603941,0.8571428571428571,1.0,66.16730277409452,0.004626788468856812,15,25.0,0.0009415797466407555,0.005071802564639332,5.0,0.0,5.0,0.9999455493541995,nan,739.8881698027253
C3_loose_on,10000.0,1,admm_iter,25,1e-10,25,15,2,0.9999983284256687,0.01503813276734365,0.7142857142857143,1.0,0.9999968039779454,0.5817039516807992,0.8571428571428571,1.0,42.429299327586556,0.015177864220117937,15,25.0,0.003210895496986481,0.0075367552286836614,5.0,0.0,5.0,0.9999973575100257,nan,739.8881698027253
C3_loose_on,10000.0,1,admm_iter,25,1e-10,25,15,3,0.9999979918433145,0.009070794894505458,1.0,1.0,0.9938791394025022,0.5545823065899794,0.8571428571428571,1.0,17.739638457822377,0.003378306271026456,15,25.0,0.0010871525025469202,0.008207983312418288,7.0,0.0,7.0,0.9940724219679363,nan,739.8881698027253
C3_loose_on,10000.0,1,admm_iter,50,1e-10,50,15,0,0.999999999636258,0.00014212778148826394,1.0,1.0,0.9966491641776593,0.5799757674539017,0.5714285714285714,1.0,32.4437523050816,0.00012525321573673281,15,50.0,2.730584913282361e-05,3.4149470070177906e-05,6.0,0.0,6.0,0.9966507603546507,nan,1239.4397030584514
C3_loose_on,10000.0,1,admm_iter,50,1e-10,50,15,1,0.9999999999984229,5.884947315791643e-05,1.0,1.0,0.99994553618112,0.5199976069860337,0.8571428571428571,1.0,43.718747918325334,4.254536455670227e-05,15,50.0,9.745900083653913e-06,1.1050727965464247e-05,5.0,0.0,5.0,0.9999455493541995,nan,1239.4397030584514
C3_loose_on,10000.0,1,admm_iter,50,1e-10,50,15,2,0.9999999996553955,0.0007889093561922365,1.0,1.0,0.9999973939058393,0.5756993019072384,0.8571428571428571,1.0,43.038331297708744,0.0004895015736847488,15,50.0,0.0001300650104831454,0.0,5.0,0.0,5.0,0.9999973575100257,nan,1239.4397030584514
C3_loose_on,10000.0,1,admm_iter,50,1e-10,50,15,3,0.9999999904574739,0.0005929965236423084,1.0,1.0,0.9940596816546442,0.5507502435576245,0.8571428571428571,1.0,17.88769004037684,0.0011053765914125655,15,50.0,0.00020930230009894143,0.0011203837745055864,7.0,0.0,7.0,0.9940724219679363,nan,1239.4397030584514
C3_loose_on,10000.0,1,admm_iter,100,1e-10,100,15,0,0.9999999993983921,0.00010280105832188905,1.0,1.0,0.9966496006759644,0.5799575573989929,0.5714285714285714,1.0,32.445140205743854,0.00019052786280984377,15,100.0,5.897551844651118e-06,7.005755470520375e-06,6.0,0.0,6.0,0.9966507603546507,nan,2045.5867019481957
C3_loose_on,10000.0,1,admm_iter,100,1e-10,100,15,1,0.9999352077659629,0.5519259757366847,1.0,1.0,0.9999545580084974,0.25517012638865455,0.8571428571428571,1.0,67.84428601436055,0.00019684430617256384,15,100.0,4.285220740374815e-06,6.727547152531391e-06,5.0,0.0,5.0,0.9999455493541995,nan,2045.5867019481957
C3_loose_on,10000.0,1,admm_iter,100,1e-10,100,15,2,0.9999999997794291,0.00034023006786237155,1.0,1.0,0.9999973810169243,0.5755086968221155,0.8571428571428571,1.0,43.05766607935614,0.00038008139680228634,15,100.0,9.807497950431088e-06,8.621921589437032e-06,5.0,0.0,5.0,0.9999973575100257,nan,2045.5867019481957
C3_loose_on,10000.0,1,admm_iter,100,1e-10,100,15,3,0.9999971446259518,0.010062013834200339,1.0,1.0,0.9942757280650708,0.5459597681472379,0.8571428571428571,1.0,18.07289780853821,0.006240855700891316,15,100.0,0.00014733413011502644,0.0006013311324371108,7.0,0.0,7.0,0.9940724219679363,nan,2045.5867019481957
C3_loose_on,10000.0,1,admm_iter,300,1e-10,300,15,0,0.9999999994754795,0.00011139715799795079,1.0,1.0,0.9966495074136512,0.5799617299485019,0.5714285714285714,1.0,32.444821808562196,0.00022392920524759094,15,300.0,1.0675379499701694e-05,4.824846035537261e-05,6.0,0.0,6.0,0.9966507603546507,nan,3902.196115348488
C3_loose_on,10000.0,1,admm_iter,300,1e-10,300,15,1,0.9999999965189464,0.001648678727953718,1.0,1.0,0.9999451598947465,0.5207600469072725,0.8571428571428571,1.0,43.64932953447291,0.0020624597069545257,15,300.0,5.534926411423715e-07,0.0,5.0,0.0,5.0,0.9999455493541995,nan,3902.196115348488
C3_loose_on,10000.0,1,admm_iter,300,1e-10,300,15,2,0.999999999810576,0.00031938804160578456,1.0,1.0,0.9999973792434195,0.5754998713569467,0.8571428571428571,1.0,43.05856141344723,0.00036079467075078586,15,300.0,5.25074714570445e-07,9.096276102592282e-07,5.0,0.0,5.0,0.9999973575100257,nan,3902.196115348488
C3_loose_on,10000.0,1,admm_iter,300,1e-10,300,15,3,0.9999944909266787,0.01424779135543203,1.0,1.0,0.9943581736352245,0.5440723057611007,0.8571428571428571,1.0,18.145903173543793,0.007646115802761044,15,300.0,3.209704193499686e-06,1.3775400407436966e-05,7.0,0.0,7.0,0.9940724219679363,nan,3902.196115348488
C3_loose_on,10000.0,1,admm_iter,800,1e-10,800,15,0,0.9999999993081818,9.746029947773332e-05,1.0,1.0,0.9966496652053585,0.5799547121602585,0.5714285714285714,1.0,32.445357266169346,0.00020125773903181127,15,800.0,1.8071340912428934e-06,8.475803325268261e-07,6.0,0.0,6.0,0.9966507603546507,nan,6908.235426992178
C3_loose_on,10000.0,1,admm_iter,800,1e-10,800,15,1,0.9999999982809326,0.0012012282541116425,1.0,1.0,0.9999452671254037,0.5205455050994179,0.8571428571428571,1.0,43.66886296999294,0.0014609727184877715,15,800.0,9.48123795874358e-07,0.0,5.0,0.0,5.0,0.9999455493541995,nan,6908.235426992178
C3_loose_on,10000.0,1,admm_iter,800,1e-10,800,15,2,0.99999999980877,0.00032064317522518236,1.0,1.0,0.9999973794148375,0.5755004027964464,0.8571428571428571,1.0,43.05850749463764,0.00036234578586905736,15,800.0,2.605500808236396e-06,1.7184587546709151e-07,5.0,0.0,5.0,0.9999973575100257,nan,6908.235426992178
C3_loose_on,10000.0,1,admm_iter,800,1e-10,800,15,3,0.9999943401719518,0.014446838076582329,1.0,1.0,0.9943620418005577,0.5439826853975612,0.8571428571428571,1.0,18.149370397990513,0.0076390037321327105,15,800.0,1.1159128384223081e-06,0.0,7.0,0.0,7.0,0.9940724219679363,nan,6908.235426992178
C4_tight_on,0.1,1,tol,0.1,0.1,800,15,0,0.6004994683208842,0.9526401319330087,1.0,1.0,0.5550414859657691,0.9854095839985543,0.5714285714285714,1.0,3.322958711094588,0.09430631903945834,7,3.0,0.2594630549521921,2.527503652726754,46.0,39.0,7.0,0.9984166432377788,nan,243.63919673487544
C4_tight_on,0.1,1,tol,0.1,0.1,800,15,1,0.9956904728337256,0.9221897173372768,0.8571428571428571,1.0,0.9952440298736772,0.9632803762399216,0.7142857142857143,1.0,7.110385819605864,0.049293369223044024,4,2.0,0.2322685979539296,2.865892628738129,45.0,40.0,5.0,0.999986655273412,nan,243.63919673487544
C4_tight_on,0.1,1,tol,0.1,0.1,800,15,2,0.9997706092711495,0.9216796178784354,0.8571428571428571,1.0,0.9998327176397197,0.9600558314247926,0.7142857142857143,1.0,4.4959662415354735,0.07015312231306717,7,3.0,0.24192761753109296,2.680726008971869,44.0,38.0,6.0,0.999984916795493,nan,243.63919673487544
C4_tight_on,0.1,1,tol,0.1,0.1,800,15,3,0.9989149922498999,0.21175391281134648,0.8571428571428571,1.0,0.9906728707454427,0.7862626721324701,0.5714285714285714,1.0,14.666107752011069,0.08526106027361013,12,3.0,0.2503039231559019,1.3881068619267396,40.0,31.0,9.0,0.9841737562446063,nan,243.63919673487544
C4_tight_on,0.1,1,tol,0.01,0.01,800,15,0,0.9979569261065758,0.45418121305600323,1.0,1.0,0.9928049837897268,0.824256258923102,0.5714285714285714,1.0,22.03253540494059,0.009641939532701963,11,3.0,0.03942193630178365,0.37366860083241965,46.0,39.0,7.0,0.9984166432377788,nan,1109.665715135634
C4_tight_on,0.1,1,tol,0.01,0.01,800,15,1,0.9999907926790774,0.30002546762502014,1.0,1.0,0.999955949152962,0.6695975311690063,0.8571428571428571,1.0,63.667391799550266,0.017424605251998522,15,3.0,0.034155192353427545,0.12274262744701202,45.0,40.0,5.0,0.999986655273412,nan,1109.665715135634
C4_tight_on,0.1,1,tol,0.01,0.01,800,15,2,0.9999952271469698,0.5438978695761486,0.8571428571428571,1.0,0.9999837440085355,0.7674036601699147,0.7142857142857143,1.0,26.176166988481565,0.06867726088076612,15,10.0,0.04550669947408919,0.719670297679579,44.0,38.0,6.0,0.999984916795493,nan,1109.665715135634
C4_tight_on,0.1,1,tol,0.01,0.01,800,15,3,0.934124337649101,0.6491542756817564,1.0,1.0,0.856206125206783,0.9404902130545906,0.7142857142857143,1.0,4.768114122477015,0.08782858912046265,15,23.0,0.04584969463695129,0.39495330172262205,40.0,31.0,9.0,0.9841737562446063,nan,1109.665715135634
C4_tight_on,0.1,1,tol,0.001,0.001,800,15,0,0.9999569312584513,0.07971990728341256,1.0,1.0,0.9979613968183999,0.7031254777976905,0.5714285714285714,1.0,37.0005407967278,0.010639832501726149,15,33.0,0.004176080381104289,0.009681732042587706,46.0,39.0,7.0,0.9984166432377788,nan,2641.237852629274
C4_tight_on,0.1,1,tol,0.001,0.001,800,15,1,0.9999805311656126,0.20467246175403875,0.8571428571428571,1.0,0.9999568014811479,0.6245660097320288,0.7142857142857143,1.0,72.34505181141482,0.0010569222925682232,15,3.0,0.0008213341253012297,0.002518335011983265,45.0,40.0,5.0,0.999986655273412,nan,2641.237852629274
C4_tight_on,0.1,1,tol,0.001,0.001,800,15,2,0.9999984704722309,0.027907421382711257,1.0,1.0,0.9999745172948612,0.5042580514039607,0.8571428571428571,1.0,55.79195684220866,0.004486930212231104,15,6.0,0.007271735098551279,0.03144173525007071,44.0,38.0,6.0,0.999984916795493,nan,2641.237852629274
C4_tight_on,0.1,1,tol,0.001,0.001,800,15,3,0.9971304571782075,0.5371652614538912,1.0,1.0,0.9947585414499037,0.7276327375092488,0.7142857142857143,1.0,18.601254086562314,0.031273611156703116,15,37.0,0.0006705752168641732,0.0023107932088678174,40.0,31.0,9.0,0.9841737562446063,nan,2641.237852629274
C4_tight_on,0.1,1,tol,0.0001,0.0001,800,15,0,0.9999999942981809,0.0011866416466978181,1.0,1.0,0.9984117118316804,0.6777846615864511,0.5714285714285714,1.0,40.136458468179065,0.0010744794792281395,15,25.0,0.00021251573526050315,0.0026234850432778865,46.0,39.0,7.0,0.9984166432377788,nan,4274.152459111065
C4_tight_on,0.1,1,tol,0.0001,0.0001,800,15,1,0.9999793653625292,0.2037360128002609,0.8571428571428571,1.0,0.9999557990147763,0.6241222654236372,0.7142857142857143,1.0,72.43067997906289,0.001113700809246326,15,34.0,0.0005815932277989491,0.0009130780291765148,45.0,40.0,5.0,0.999986655273412,nan,4274.152459111065
C4_tight_on,0.1,1,tol,0.0001,0.0001,800,15,2,0.99999999429551,0.0007859846858122303,1.0,1.0,0.9999843678601543,0.4904415534419461,0.8571428571428571,1.0,57.34582754343867,0.0005918961877847476,15,12.0,0.00046265626741926684,0.0023712185574883086,44.0,38.0,6.0,0.999984916795493,nan,4274.152459111065
C4_tight_on,0.1,1,tol,0.0001,0.0001,800,15,3,0.9971524375145541,0.5340071760205619,1.0,1.0,0.9947306468509389,0.7281987004266214,0.7142857142857143,1.0,18.563214510636044,0.03059183308260414,15,87.0,3.959297690078539e-05,0.00016806857885506843,40.0,31.0,9.0,0.9841737562446063,nan,4274.152459111065
C4_tight_on,0.1,1,tol,1e-06,1e-06,800,15,0,0.999999999423616,0.00012311294432492778,1.0,1.0,0.9984172960807988,0.6773630349600979,0.5714285714285714,1.0,40.18870445815629,0.00013539169523635666,15,102.0,9.106377306833321e-06,1.3809504486712865e-05,46.0,39.0,7.0,0.9984166432377788,nan,7973.9724160172045
C4_tight_on,0.1,1,tol,1e-06,1e-06,800,15,1,0.9999999997238492,0.0008717815358450044,1.0,1.0,0.9999866988526032,0.5275632795710187,0.8571428571428571,1.0,91.03319777053382,0.0006569273649174052,15,307.0,1.042565499092275e-05,6.886392027097635e-06,45.0,40.0,5.0,0.999986655273412,nan,7973.9724160172045
C4_tight_on,0.1,1,tol,1e-06,1e-06,800,15,2,0.9999999999773116,3.2472999914750314e-05,1.0,1.0,0.9999848837027129,0.4900601270949766,0.8571428571428571,1.0,57.38869436631321,0.00013037152063259672,15,107.0,8.335453238321434e-06,1.586617254072109e-06,44.0,38.0,6.0,0.999984916795493,nan,7973.9724160172045
C4_tight_on,0.1,1,tol,1e-06,1e-06,800,15,3,0.997197906454521,0.5274923871382303,1.0,1.0,0.9946687147857277,0.7293675719864999,0.7142857142857143,1.0,18.484751848170085,0.03075498747542383,15,513.0,2.591791935802999e-06,1.048168107316283e-05,40.0,31.0,9.0,0.9841737562446063,nan,7973.9724160172045
C4_tight_on,0.1,1,admm_iter,5,1e-10,5,15,0,0.9950603941540209,0.44566630669927876,0.8571428571428571,1.0,0.9902161568071159,0.8208935525492628,0.7142857142857143,1.0,22.52676068826261,0.2624537560723138,15,5.0,0.36058271618900517,1.0767540283648012,46.0,39.0,7.0,0.9984166432377788,nan,231.3054921105504
C4_tight_on,0.1,1,admm_iter,5,1e-10,5,15,1,0.9997389671928006,0.6328490431154588,0.7142857142857143,1.0,0.9996522505686588,0.826692477944657,0.5714285714285714,1.0,33.4076055069102,0.03268310310648269,15,5.0,0.09810405327775831,1.3276029714523192,45.0,40.0,5.0,0.999986655273412,nan,231.3054921105504
C4_tight_on,0.1,1,admm_iter,5,1e-10,5,15,2,0.999957214875545,0.5794989614681956,1.0,1.0,0.9999880085213153,0.7855437666527085,0.8571428571428571,1.0,24.13455413007062,0.12854774567390623,15,5.0,0.17033399232876245,1.2611082813526968,44.0,38.0,6.0,0.999984916795493,nan,231.3054921105504
C4_tight_on,0.1,1,admm_iter,5,1e-10,5,15,3,0.7229458558962191,0.6932963739939413,0.8571428571428571,1.0,0.6936539546795693,0.9084739336523381,0.5714285714285714,1.0,9.495481664606386,0.4979997905784728,15,5.0,0.574556590268339,1.7423975589876137,40.0,31.0,9.0,0.9841737562446063,nan,231.3054921105504
C4_tight_on,0.1,1,admm_iter,10,1e-10,10,15,0,0.9316825499934687,0.8386478840273902,1.0,1.0,0.9099614804354238,0.9485663218520289,0.5714285714285714,1.0,7.064226147144698,0.13911257464963786,15,10.0,0.13112805762512036,1.1510895314450533,46.0,39.0,7.0,0.9984166432377788,nan,405.2979061380029
C4_tight_on,0.1,1,admm_iter,10,1e-10,10,15,1,0.9999454339802322,0.5052100232955441,0.8571428571428571,1.0,0.9998849086600315,0.7664505371351461,0.7142857142857143,1.0,45.007956621002215,0.022859498337631984,15,10.0,0.044859873289761244,0.8342760137796769,45.0,40.0,5.0,0.999986655273412,nan,405.2979061380029
C4_tight_on,0.1,1,admm_iter,10,1e-10,10,15,2,0.9999969934663825,0.26060667535522697,0.8571428571428571,1.0,0.9999694046483403,0.622944422602195,0.7142857142857143,1.0,42.43465507855807,0.034510424583432626,15,10.0,0.042057429841629745,0.6978617259716716,44.0,38.0,6.0,0.999984916795493,nan,405.2979061380029
C4_tight_on,0.1,1,admm_iter,10,1e-10,10,15,3,0.9667650261053937,0.5672456918932097,1.0,1.0,0.9064249647569609,0.9257753221439367,0.7142857142857143,1.0,5.601336348668592,0.1548908936166297,15,10.0,0.13693964271856202,0.6933903871721033,40.0,31.0,9.0,0.9841737562446063,nan,405.2979061380029
C4_tight_on,0.1,1,admm_iter,25,1e-10,25,15,0,0.9999732507456135,0.04199914152044271,1.0,1.0,0.9985975868880673,0.6639923671640309,0.5714285714285714,1.0,41.84477578017098,0.00785964918406827,15,25.0,0.005790326174881692,0.10965185591085641,46.0,39.0,7.0,0.9984166432377788,nan,808.4571659564972
C4_tight_on,0.1,1,admm_iter,25,1e-10,25,15,1,0.9999959406915564,0.20952626625772797,1.0,1.0,0.999969696638951,0.6268777464728554,0.8571428571428571,1.0,71.89808930839891,0.014879638854067461,15,25.0,0.008255555880309929,0.1406118169181894,45.0,40.0,5.0,0.999986655273412,nan,808.4571659564972
C4_tight_on,0.1,1,admm_iter,25,1e-10,25,15,2,0.9999997969422325,0.006131899712810316,1.0,1.0,0.9999860015672947,0.48693288830365783,0.8571428571428571,1.0,57.74051306930263,0.024277323934047357,15,25.0,0.007695713835092138,0.1564173642019394,44.0,38.0,6.0,0.999984916795493,nan,808.4571659564972
C4_tight_on,0.1,1,admm_iter,25,1e-10,25,15,3,0.9999141356273632,0.013661163231211323,1.0,1.0,0.9842936301760702,0.8233296156426113,0.7142857142857143,1.0,12.212080848175246,0.018173116657853816,15,25.0,0.017925502783842584,0.24542367067448834,40.0,31.0,9.0,0.9841737562446063,nan,808.4571659564972
C4_tight_on,0.1,1,admm_iter,50,1e-10,50,15,0,0.9999987842932672,0.011799960763692286,1.0,1.0,0.9984711117873669,0.673606442416961,0.5714285714285714,1.0,40.65391110449578,0.009708064144356335,15,50.0,0.0022482823870141892,0.015122665351031465,46.0,39.0,7.0,0.9984166432377788,nan,1438.3810153231025
C4_tight_on,0.1,1,admm_iter,50,1e-10,50,15,1,0.9999763954601553,0.20389726893237187,0.8571428571428571,1.0,0.9999529733866058,0.6241946383387905,0.7142857142857143,1.0,72.41706116627377,0.009974429298804426,15,50.0,0.003080712629354017,0.005547905705527864,45.0,40.0,5.0,0.999986655273412,nan,1438.3810153231025
C4_tight_on,0.1,1,admm_iter,50,1e-10,50,15,2,0.9999998282438134,0.0062275238499256685,1.0,1.0,0.9999874982704942,0.4868796952065717,0.8571428571428571,1.0,57.74632206910581,0.00879889114860443,15,50.0,0.002442925648761545,0.002776447573299843,44.0,38.0,6.0,0.999984916795493,nan,1438.3810153231025
C4_tight_on,0.1,1,admm_iter,50,1e-10,50,15,3,0.9997009839197839,0.12225017139196837,1.0,1.0,0.9880658348478648,0.8021189438647418,0.7142857142857143,1.0,13.619773684198424,0.01488675849373175,15,50.0,0.0037447680658906834,0.05098306996171081,40.0,31.0,9.0,0.9841737562446063,nan,1438.3810153231025
C4_tight_on,0.1,1,admm_iter,100,1e-10,100,15,0,0.9999999684506633,0.0004000887323652706,1.0,1.0,0.9984189436276831,0.6773000451570704,0.5714285714285714,1.0,40.19646133463244,0.0012781759706098524,15,100.0,0.00015287915370503963,0.0003852888519118719,46.0,39.0,7.0,0.9984166432377788,nan,2442.5037219189107
C4_tight_on,0.1,1,admm_iter,100,1e-10,100,15,1,0.9999999993275349,0.0007120646120922653,1.0,1.0,0.99998667064964,0.5276389902601679,0.8571428571428571,1.0,91.01861371541376,0.001668871768071142,15,100.0,0.00040210373777334373,0.0006085600073754069,45.0,40.0,5.0,0.999986655273412,nan,2442.5037219189107
C4_tight_on,0.1,1,admm_iter,100,1e-10,100,15,2,0.9999999999470368,0.0003112387036087827,1.0,1.0,0.9999849694664236,0.49020246502571474,0.8571428571428571,1.0,57.37266508632671,0.0004343195360010377,15,100.0,0.00014273692976386708,5.423882595942571e-05,44.0,38.0,6.0,0.999984916795493,nan,2442.5037219189107
C4_tight_on,0.1,1,admm_iter,100,1e-10,100,15,3,0.9995043040818864,0.1277810028211348,1.0,1.0,0.9781162995173651,0.846944150767607,0.7142857142857143,1.0,10.653442592127897,0.027105202521097882,15,100.0,0.0006446856297267219,0.009118521722322075,40.0,31.0,9.0,0.9841737562446063,nan,2442.5037219189107
C4_tight_on,0.1,1,admm_iter,300,1e-10,300,15,0,0.9999999972749695,0.0003100884904409491,1.0,1.0,0.9984182603157147,0.677303659148104,0.5714285714285714,1.0,40.19605135495882,0.00024104952602354776,15,300.0,2.881131439348119e-06,5.132655586662788e-06,46.0,39.0,7.0,0.9984166432377788,nan,4842.768685426563
C4_tight_on,0.1,1,admm_iter,300,1e-10,300,15,1,0.9999999997332512,0.0008638742529133303,1.0,1.0,0.9999866984847059,0.5275670084801829,0.8571428571428571,1.0,91.03247929929093,0.0006433203794497643,15,300.0,8.224507059839664e-06,5.353894597139031e-06,45.0,40.0,5.0,0.999986655273412,nan,4842.768685426563
C4_tight_on,0.1,1,admm_iter,300,1e-10,300,15,2,0.9999999999608067,2.265639067906926e-05,1.0,1.0,0.9999848726543173,0.4900545742569728,0.8571428571428571,1.0,57.38932059736471,0.00016336100935898136,15,300.0,2.8657841834273163e-06,1.4017106599924917e-06,44.0,38.0,6.0,0.999984916795493,nan,4842.768685426563
C4_tight_on,0.1,1,admm_iter,300,1e-10,300,15,3,0.9972733218451986,0.5166937945888171,1.0,1.0,0.9945608608246591,0.7313062203152241,0.7142857142857143,1.0,18.354711529426247,0.030984409537820425,15,300.0,2.1824537187627842e-05,0.00011887856789725981,40.0,31.0,9.0,0.9841737562446063,nan,4842.768685426563
C4_tight_on,0.1,1,admm_iter,800,1e-10,800,15,0,0.9999999993525864,0.0001303430319231833,1.0,1.0,0.998417335703784,0.6773607800585859,0.5714285714285714,1.0,40.18898329116922,0.00013670721290033605,15,800.0,6.817192003858206e-06,9.525467613118177e-06,46.0,39.0,7.0,0.9984166432377788,nan,8526.923473924398
C4_tight_on,0.1,1,admm_iter,800,1e-10,800,15,1,0.9999999996856458,0.0009231459081894813,1.0,1.0,0.9999867020446339,0.5275390432081523,0.8571428571428571,1.0,91.03786739735601,0.0006465159173921747,15,800.0,1.5399324398942105e-06,2.767131355892183e-07,45.0,40.0,5.0,0.999986655273412,nan,8526.923473924398
C4_tight_on,0.1,1,admm_iter,800,1e-10,800,15,2,0.9999999999732418,1.4549547896465126e-05,1.0,1.0,0.9999848803329581,0.49005034488677107,0.8571428571428571,1.0,57.38979568719311,0.0001303252608409189,15,800.0,1.6113667113914717e-06,1.1015105031621925e-06,44.0,38.0,6.0,0.999984916795493,nan,8526.923473924398
C4_tight_on,0.1,1,admm_iter,800,1e-10,800,15,3,0.997197726027175,0.5275180799943956,1.0,1.0,0.9946689721587941,0.7293629585216387,0.7142857142857143,1.0,18.485061235927475,0.030760434369563234,15,800.0,8.101109738788562e-07,6.966170796873783e-07,40.0,31.0,9.0,0.9841737562446063,nan,8526.923473924398
